,correct,rt,cond,log_rt
0,1,0.4553,Neutral,-0.7867987366414007
1,1,0.521,Neutral,-0.6520052372287701
2,1,0.4512,Neutral,-0.795844578798288
3,1,0.4784,Accuracy,-0.737308076345715
4,1,0.43,Accuracy,-0.843970070294529
5,1,0.4486,Accuracy,-0.8016236568960291
6,1,0.3991,Speed,-0.9185432669274488
7,1,0.3627,Neutral,-1.0141792326932804
8,1,0.4393,Accuracy,-0.8225727280004032
9,1,0.5017,Accuracy,-0.6897529474919297
10,0,0.4283,Neutral,-0.8479313943608118
11,1,0.4744,Accuracy,-0.7457044312986214
12,1,0.4015,Neutral,-0.9125477455953206
13,1,0.4369,Accuracy,-0.8280509430247468
14,1,0.4188,Accuracy,-0.8703617999857552
15,1,0.4406,Accuracy,-0.8196178446138943
16,1,0.4516,Accuracy,-0.7949584467066301
17,1,0.4439,Neutral,-0.8121559671421474
18,1,0.37200000000000005,Neutral,-0.9888614247089903
19,1,0.4193,Accuracy,-0.8691686248054201
20,1,0.4695,Neutral,-0.7560869803338195
21,1,0.5533,Accuracy,-0.5918549290780729
22,1,0.4175,Neutral,-0.8734707346912269
23,1,0.3749,Neutral,-0.9810959552402707
24,1,0.3726,Neutral,-0.987249820814649
25,1,0.3887,Speed,-0.9449474411239596
26,1,0.6874,Speed,-0.3748389145664035
27,1,0.5212,Accuracy,-0.651621433731447
28,1,0.8129,Speed,-0.20714717822961048
29,1,0.5461,Neutral,-0.604953169824029
30,1,0.3714,Speed,-0.9904756300635316
31,1,0.4538,Accuracy,-0.7900987066363957
32,1,0.4395,Speed,-0.8221175618569053
33,1,0.4118,Speed,-0.8872174843884479
34,1,0.3493,Speed,-1.0518241271693507
35,1,0.9329,Accuracy,-0.06945726501522174
36,1,0.7095,Neutral,-0.34319478238203965
37,1,0.3645,Speed,-1.0092287275334242
38,1,0.5262,Speed,-0.6420739103759447
39,1,0.3763,Speed,-0.9773685813827454
40,1,0.5023,Accuracy,-0.688557728226138
41,1,0.4097,Neutral,-0.8923300944293117
42,1,0.3821,Neutral,-0.9620729245292828
43,0,0.5171,Neutral,-0.6595189995799613
44,0,0.3764,Speed,-0.9771028712709124
45,1,0.5293,Neutral,-0.6361999001181952
46,1,0.5276,Accuracy,-0.6394168581389776
47,1,0.4634,Neutral,-0.7691646669838612
48,1,0.6274,Accuracy,-0.46617098322555933
49,1,0.4495,Accuracy,-0.799619425070462
50,0,0.4882,Accuracy,-0.7170301210232773
51,1,0.6888,Accuracy,-0.37280432586861606
52,1,0.3827,Speed,-0.9605038865504805
53,0,0.5521,Speed,-0.5940260896921381
54,1,0.6448,Neutral,-0.43881508778971845
55,1,0.5718,Accuracy,-0.5589659990939256
56,1,0.5698,Accuracy,-0.5624698569183292
57,1,0.7708,Neutral,-0.26032634244192565
58,1,0.4751,Accuracy,-0.7442299707892613
59,1,0.5763,Speed,-0.5511269205395163
60,1,0.4411,Accuracy,-0.818483671871243
61,1,0.4301,Speed,-0.8437375391924464
62,1,0.4035,Accuracy,-0.9075787912721335
63,0,0.6535,Accuracy,-0.42541274591786044
64,1,0.3783,Neutral,-0.9720677473431534
65,1,0.3995,Speed,-0.9175415137758076
66,1,0.3817,Neutral,-0.9631203192309531
67,1,0.4202,Neutral,-0.867024490571237
68,1,0.3438,Speed,-1.067695186033388
69,1,0.3738,Speed,-0.9840343839606746
70,1,0.7088,Accuracy,-0.3441818796912659
71,1,0.5128,Speed,-0.6678693733756768
72,1,0.4036,Neutral,-0.9073309905026832
73,1,0.479,Neutral,-0.7360546815712219
74,0,0.3678,Speed,-1.0002159668119164
75,1,0.4156,Speed,-0.8780320197570647
76,1,0.561,Accuracy,-0.5780343734594406
77,1,0.434,Accuracy,-0.8347107448817322
78,1,0.4018,Accuracy,-0.911800826601303
79,1,0.5976,Accuracy,-0.5148336451635295
80,1,0.6521,Accuracy,-0.42755735458298044
81,0,0.2955,Speed,-1.2190864421359842
82,1,0.4857,Neutral,-0.7221641296304379
83,1,0.3493,Speed,-1.0518241271693507
84,1,0.4097,Neutral,-0.8923300944293117
85,1,0.5523,Neutral,-0.5936639020749952
86,1,0.3443,Speed,-1.0662419086376589
87,1,0.3371,Speed,-1.087375656742122
88,1,0.4114,Neutral,-0.8881893017632803
89,0,0.3999,Neutral,-0.9165407631293644
90,1,0.6456,Accuracy,-0.43757516202639807
91,1,0.3902,Accuracy,-0.9410958507931262
92,0,0.4013,Speed,-0.9130460017092661
93,1,0.5126,Accuracy,-0.6682594650521664
94,1,0.3501,Speed,-1.049536451021517
95,1,0.3769,Speed,-0.9757753787090473
96,1,0.5339,Accuracy,-0.6275467234759964
97,1,0.4843,Neutral,-0.7250507295729536
98,1,0.4407,Speed,-0.8193909071341958
99,0,0.4552,Accuracy,-0.7870183961700159
100,0,0.3432,Speed,-1.0694419113683298
101,0,0.284,Speed,-1.258781040820931
102,1,0.5026,Neutral,-0.6879606538726452
103,1,0.5854,Neutral,-0.5354599047243516
104,1,0.4254,Accuracy,-0.8547253762160002
105,0,0.3593,Speed,-1.023597584862664
106,1,0.8299,Neutral,-0.18645006737773479
107,1,0.435,Speed,-0.8324092478934529
108,1,0.3249,Speed,-1.1242378363070824
109,1,0.4664,Accuracy,-0.7627116439458544
110,1,1.2654,Accuracy,0.2353882777306469
111,1,0.4199,Speed,-0.8677386912919894
112,1,0.4519,Accuracy,-0.794294362564903
113,0,0.3339,Speed,-1.0969137320325284
114,1,0.4042,Neutral,-0.9058454740126164
115,1,0.4578,Accuracy,-0.7813228714636707
116,1,0.3984,Speed,-0.920298753271694
117,1,0.4714,Accuracy,-0.7520482884801063
118,1,0.4805,Accuracy,-0.7329280505717899
119,1,0.9739,Accuracy,-0.026446650014983503
120,1,0.4211,Accuracy,-0.8648849438142551
121,1,0.5207,Neutral,-0.6525812188132836
122,1,0.4628,Neutral,-0.7704602836626155
123,1,0.3529,Neutral,-1.0415705483009128
124,1,0.3946,Speed,-0.9298826853936221
125,1,0.4867,Accuracy,-0.7201073621427284
126,1,0.3422,Speed,-1.072359917524044
127,1,0.4218,Neutral,-0.8632240109374628
128,1,0.4102,Neutral,-0.8911104333438568
129,1,0.442,Accuracy,-0.816445396904439
130,1,0.4845,Accuracy,-0.7246378476513161
131,1,0.3861,Neutral,-0.9516588757119464
132,1,0.4094,Accuracy,-0.8930626057549479
133,1,0.4906,Neutral,-0.7121261471577481
134,0,0.386,Speed,-0.9519179095173061
135,1,0.3658,Neutral,-1.0056685430253718
136,0,0.3253,Speed,-1.1230074455028314
137,1,0.6768,Neutral,-0.3903794706901236
138,1,0.728,Speed,-0.3174542307854511
139,0,0.6879,Neutral,-0.3741118004501687
140,1,0.4689,Neutral,-0.7573657528865965
141,1,0.4519,Neutral,-0.794294362564903
142,1,0.5717,Accuracy,-0.5591409007122115
143,0,0.5374,Accuracy,-0.6210125828007462
144,1,0.6419,Accuracy,-0.4433227506644045
145,1,0.9115,Neutral,-0.09266368486341935
146,1,0.4664,Neutral,-0.7627116439458544
147,1,0.3901,Speed,-0.9413521624695262
148,1,0.3885,Neutral,-0.9454621091744349
149,1,0.6573,Neutral,-0.41961474371260654
150,1,0.4181,Neutral,-0.8720346406196177
151,1,0.3952,Neutral,-0.9283633131084243
152,1,0.4262,Speed,-0.8528465593176202
153,1,0.3476,Speed,-1.0567028855909
154,1,0.4766,Neutral,-0.7410777143174953
155,1,0.3954,Neutral,-0.9278573682456206
156,1,0.3991,Neutral,-0.9185432669274488
157,1,0.4481,Speed,-0.8027388571900397
158,1,0.3039,Speed,-1.1910565790593897
159,0,0.4681,Accuracy,-0.7590733306761122
160,1,0.8079999999999999,Neutral,-0.21319322046104175
161,1,1.0231,Accuracy,0.022837233902757128
162,1,0.5448,Neutral,-0.6073365241468345
163,1,0.3633,Speed,-1.0125263397549809
164,1,0.4389,Accuracy,-0.8234836822879487
165,0,0.3383,Speed,-1.0838222031954743
166,1,0.3453,Speed,-1.0633416745861903
167,1,0.4846,Speed,-0.7244314705997117
168,1,0.8487,Accuracy,-0.16404951200650586
169,1,0.3339,Speed,-1.0969137320325284
170,1,0.5255,Neutral,-0.6434050886651314
171,1,1.0052,Accuracy,0.005186526687300154
172,0,0.5088,Accuracy,-0.6757002669562246
173,1,0.5725,Neutral,-0.5577425435537423
174,1,0.991,Neutral,-0.00904074465214907
175,1,0.3056,Speed,-1.1854782216897717
176,0,0.3835,Speed,-0.9584156581748261
177,1,0.4168,Speed,-0.8751487885429798
178,1,0.5526,Speed,-0.5931208664928209
179,0,1.0382,Accuracy,0.037488444410991605
180,1,0.3867,Speed,-0.9501060803688857
181,1,0.4974,Accuracy,-0.6983607476128327
182,1,0.4479,Accuracy,-0.8031852857688826
183,1,0.4151,Accuracy,-0.8792358239231439
184,1,0.4143,Speed,-0.8811649298987809
185,0,0.3295,Speed,-1.110178925039575
186,1,0.6654,Neutral,-0.4073669153977607
187,1,0.4755,Accuracy,-0.7433883969966921
188,1,0.5798,Neutral,-0.545072062494582
189,0,0.47700000000000004,Accuracy,-0.7402387880937957
190,1,0.5196,Accuracy,-0.6546959941856927
191,1,0.4921,Accuracy,-0.7090733311102045
192,1,0.3652,Speed,-1.0073101302613237
193,1,0.3197,Speed,-1.1403722229163413
194,0,0.6466,Accuracy,-0.43602741369080444
195,1,0.4989,Accuracy,-0.6953496041151453
196,1,0.5383,Accuracy,-0.6193392534152254
197,1,0.3205,Speed,-1.1378730026214123
198,0,0.3419,Speed,-1.0732369823368815
199,1,0.9823,Neutral,-0.017858518301313193
200,1,0.4705,Accuracy,-0.7539593199567027
201,1,0.4069,Neutral,-0.8991878239744928
202,1,0.3513,Neutral,-1.0461147197103557
203,0,0.3753,Speed,-0.9800295728411619
204,1,0.5869,Accuracy,-0.5329008314178483
205,1,0.4931,Neutral,-0.7070432857520567
206,1,0.4594,Accuracy,-0.7778339887271393
207,1,0.4651,Neutral,-0.7655028427520857
208,1,0.3904,Speed,-0.9405834244431995
209,0,0.3886,Speed,-0.9452047420387973
210,1,0.3747,Speed,-0.9816295731824954
211,0,0.3486,Speed,-1.0538301458962165
212,1,0.4661,Speed,-0.7633550756034417
213,1,0.5654,Neutral,-0.570221833722647
214,1,0.5855,Accuracy,-0.535289095944365
215,0,0.2925,Speed,-1.2292906123102258
216,0,0.2687,Speed,-1.3141597633606916
217,1,0.4568,Neutral,-0.7835096206403366
218,1,0.4504,Accuracy,-0.7976192021566564
219,1,0.33799999999999997,Speed,-1.0847093834991184
220,1,0.4161,Accuracy,-0.8768296629932414
221,1,0.35700000000000004,Speed,-1.0300194972024979
222,1,0.3531,Speed,-1.0410039760477963
223,0,0.4127,Speed,-0.8850343422236009
224,1,0.6375,Accuracy,-0.4502010019495559
225,1,0.4895,Neutral,-0.714370817011572
226,0,0.4388,Accuracy,-0.8237115505810618
227,1,0.5282,Neutral,-0.6382802791191052
228,1,0.4477,Accuracy,-0.8036319137352173
229,1,0.3787,Speed,-0.9710109440743879
230,1,0.3771,Accuracy,-0.9752448747178256
231,1,0.6506,Neutral,-0.42986026494288604
232,1,0.465,Neutral,-0.7657178733947807
233,1,0.4576,Neutral,-0.7817598389165489
234,1,0.4195,Neutral,-0.8686917530748762
235,1,0.43200000000000005,Neutral,-0.8393296907380267
236,1,0.4175,Speed,-0.8734707346912269
237,1,0.5699,Accuracy,-0.5622943721411833
238,1,0.5522,Accuracy,-0.593844979486083
239,1,0.4971,Accuracy,-0.6989640658815102
240,1,0.5426,Neutral,-0.6113828787573057
241,1,0.4754,Accuracy,-0.7435987240560435
242,1,0.4396,Accuracy,-0.8218900564526708
243,1,0.5203,Accuracy,-0.6533497106858792
244,1,0.6059,Accuracy,-0.5010403230311937
245,1,0.7518,Neutral,-0.2852849478520594
246,1,0.3438,Neutral,-1.067695186033388
247,1,0.4403,Neutral,-0.8202989662204289
248,1,0.5473,Neutral,-0.6027581808322645
249,1,0.4813,Accuracy,-0.7312645026730733
250,1,0.3701,Speed,-0.9939820395900268
251,1,0.4031,Neutral,-0.908570608859017
252,1,0.4073,Neutral,-0.8982052643277701
253,1,0.3782,Speed,-0.97233212275778
254,0,0.4445,Speed,-0.8108052240281778
255,1,0.5519,Accuracy,-0.5943884085366815
256,1,0.3658,Speed,-1.0056685430253718
257,0,0.3869,Speed,-0.9495890172756697
258,1,0.7327,Accuracy,-0.31101893781621887
259,1,0.4377,Accuracy,-0.8262215347852875
260,0,0.3972,Neutral,-0.9233153468111195
261,1,0.4179,Neutral,-0.8725131095282673
262,1,0.315,Speed,-1.155182640156504
263,1,0.354,Speed,-1.0384583658483626
264,1,0.4778,Neutral,-0.7385630440904278
265,1,0.4704,Neutral,-0.7541718823977199
266,1,0.5043,Speed,-0.6845839498994575
267,1,0.53,Accuracy,-0.6348782724359695
268,0,0.4234,Speed,-0.8594379202813722
269,0,0.3669,Neutral,-1.0026659476209008
270,0,0.3281,Speed,-1.1144368390150812
271,1,0.4607,Accuracy,-0.7750082070402657
272,1,0.5673,Neutral,-0.5668670146496155
273,1,0.8198,Accuracy,-0.1986948709118999
274,1,0.4125,Neutral,-0.8855190732074014
275,0,0.3698,Speed,-0.9947929600291125
276,1,0.3676,Speed,-1.000759888500605
277,1,0.5012,Speed,-0.6907500559602239
278,1,0.3599,Accuracy,-1.021929063897152
279,1,0.34,Speed,-1.0788096613719298
280,1,0.5485,Neutral,-0.6005679992668521
281,0,0.3165,Speed,-1.1504320373979062
282,1,0.6054,Neutral,-0.5018658823945187
283,0,0.3113,Speed,-1.1669982015345746
284,1,0.5813,Neutral,-0.5424883042748321
285,1,0.7143,Accuracy,-0.3364522368212102
286,1,0.3395,Speed,-1.0802813319833862
287,1,1.0175,Accuracy,0.017348638334613073
288,1,0.5017,Accuracy,-0.6897529474919297
289,1,0.391,Accuracy,-0.9390477189967712
290,1,0.4294,Neutral,-0.8453663935374564
291,1,0.37,Accuracy,-0.9942522733438669
292,1,0.4117,Neutral,-0.887460350206278
293,0,0.3524,Speed,-1.0429883849201127
294,1,0.4351,Neutral,-0.8321793892555026
295,1,0.6845,Neutral,-0.37906663425363346
296,1,0.3902,Speed,-0.9410958507931262
297,1,0.4527,Accuracy,-0.7925256245402241
298,0,0.4002,Neutral,-0.915790856832504
299,1,0.4285,Accuracy,-0.8474645409443026
300,1,0.4281,Neutral,-0.8483984658312367
301,1,0.7222,Accuracy,-0.3254531701387797
302,1,0.4269,Neutral,-0.8512054852182207
303,0,0.3592,Speed,-1.0238759425540924
304,1,0.4722,Accuracy,-0.7503526543307245
305,1,0.4293,Neutral,-0.8455993037516221
306,1,0.3843,Speed,-0.9563317814113389
307,1,0.3465,Speed,-1.0598724603521792
308,1,0.7158,Neutral,-0.3343544806502116
309,1,0.3267,Speed,-1.1187129603751127
310,0,0.4893,Accuracy,-0.7147794806870591
311,0,0.4676,Neutral,-0.7601420493842237
312,1,0.4083,Speed,-0.895753080656607
313,1,0.5698,Accuracy,-0.5624698569183292
314,1,0.4561,Accuracy,-0.7850431952644823
315,1,0.7121,Neutral,-0.33953692799405805
316,1,0.6363,Accuracy,-0.45208512874339063
317,1,0.3431,Speed,-1.069733329117733
318,0,0.35100000000000003,Speed,-1.0469690555162712
319,1,0.5526,Neutral,-0.5931208664928209
320,1,0.3792,Neutral,-0.9696915086012704
321,0,0.3362,Accuracy,-1.0900490580076219
322,1,0.8872,Neutral,-0.11968484294597978
323,1,0.35100000000000003,Speed,-1.0469690555162712
324,1,0.49700000000000005,Speed,-0.6991652528855082
325,0,0.4843,Accuracy,-0.7250507295729536
326,1,0.3725,Speed,-0.9875182411625228
327,1,0.5959,Neutral,-0.5176824112292039
328,0,0.4017,Neutral,-0.9120497376169006
329,1,0.765,Neutral,-0.2678794451556012
330,1,0.43799999999999994,Neutral,-0.825536368605691
331,1,0.4069,Accuracy,-0.8991878239744928
332,1,0.4203,Speed,-0.866786536971066
333,1,0.5623,Accuracy,-0.575719763683981
334,1,0.5004,Neutral,-0.6923475003893811
335,1,0.4625,Accuracy,-0.7711087220296571
336,1,0.4269,Speed,-0.8512054852182207
337,1,0.3421,Speed,-1.0726521869985781
338,0,0.4445,Accuracy,-0.8108052240281778
339,1,0.6205,Neutral,-0.4772296743374751
340,1,0.3438,Speed,-1.067695186033388
341,1,0.3654,Neutral,-1.0067626350382306
342,1,0.3985,Speed,-0.9200477807518672
343,0,0.5254,Accuracy,-0.6435954017306976
344,1,0.2839,Speed,-1.2591332155032116
345,0,0.3511,Neutral,-1.0466841958077504
346,1,0.5439,Neutral,-0.6089898725532219
347,1,0.4259,Accuracy,-0.8535507020529692
348,1,0.4428,Neutral,-0.8146370781476552
349,0,0.4446,Neutral,-0.8105802774520409
350,1,0.5406,Neutral,-0.6150756451397899
351,1,0.6548,Accuracy,-0.42342543348515715
352,1,0.7035,Accuracy,-0.3516874024276933
353,1,0.8896,Neutral,-0.11698335548581919
354,1,0.512,Accuracy,-0.6694306539426292
355,0,0.4437,Speed,-0.8126066205972733
356,1,0.5077,Neutral,-0.6778645570287883
357,0,0.2581,Speed,-1.354408172257569
358,0,0.4092,Neutral,-0.8935512449046656
359,1,0.5427,Accuracy,-0.611198597912778
360,1,0.3948,Speed,-0.9293759714228106
361,1,0.3802,Speed,-0.9670578489278083
362,1,0.4796,Accuracy,-0.7348028558287778
363,0,0.36700000000000005,Speed,-1.0023934309275666
364,1,0.3793,Speed,-0.9694278302872837
365,1,0.4895,Accuracy,-0.714370817011572
366,1,0.4932,Accuracy,-0.7068405076919477
367,1,0.4202,Accuracy,-0.867024490571237
368,0,0.5174,Speed,-0.6589390092302083
369,0,0.4543,Neutral,-0.7889975062167794
370,1,0.3448,Accuracy,-1.0647907401925991
371,1,0.5296,Accuracy,-0.6356332743593387
372,1,0.4896,Neutral,-0.7141665477840208
373,0,0.3292,Speed,-1.1110898101792224
374,1,0.4055,Speed,-0.9026344054266694
375,1,0.6527,Neutral,-0.4266376733409654
376,1,0.4881,Accuracy,-0.7172349760890353
377,1,0.7652,Neutral,-0.26761804141603923
378,1,0.5333,Accuracy,-0.6286711613755805
379,1,0.3421,Accuracy,-1.0726521869985781
380,1,0.8604,Accuracy,-0.150357881588562
381,1,0.3139,Speed,-1.1586808151342292
382,1,0.3398,Speed,-1.0793980697443055
383,1,1.2139,Accuracy,0.1938383169216209
384,1,0.3611,Speed,-1.0186003506987251
385,1,0.3827,Speed,-0.9605038865504805
386,1,0.5395,Accuracy,-0.6171124942839478
387,1,0.9299,Neutral,-0.0726782254979855
388,1,0.7104,Accuracy,-0.3419270873041767
389,1,0.5113,Accuracy,-0.6707987768961835
390,0,0.5432,Accuracy,-0.6102777027376507
391,1,0.5687,Accuracy,-0.5644022246693831
392,1,0.602,Accuracy,-0.507497833673316
393,0,0.3706,Speed,-0.9926319651308777
394,1,0.4186,Neutral,-0.8708394689702377
395,1,0.4099,Speed,-0.8918420514718453
396,1,0.6638,Accuracy,-0.4097743796962629
397,1,0.3446,Accuracy,-1.0653709548883077
398,0,0.6809999999999999,Accuracy,-0.38419297283262477
399,0,0.3233,Speed,-1.1291745942507496
400,1,0.866,Accuracy,-0.1438703704197019
401,1,0.7837,Accuracy,-0.2437289849233182
402,1,0.7065,Accuracy,-0.3474320768575549
403,1,0.2954,Speed,-1.2194249088848577
404,1,0.6408,Accuracy,-0.44503788322798754
405,1,0.3247,Speed,-1.1248535998733369
406,1,0.4565,Accuracy,-0.7841665789471138
407,0,0.3497,Speed,-1.050679634912807
408,1,0.539,Neutral,-0.6180397080731398
409,1,0.8745,Neutral,-0.13410298452348024
410,0,0.2767,Speed,-1.2848213921892568
411,1,0.7582,Accuracy,-0.2768080758999026
412,1,0.5798,Accuracy,-0.545072062494582
413,1,0.6208,Neutral,-0.476746310113128
414,1,0.5286,Neutral,-0.6375232768119483
415,1,0.5812,Neutral,-0.5426603472860091
416,1,0.3043,Speed,-1.1897412220792116
417,1,0.523,Accuracy,-0.6481738149172142
418,1,0.6151,Accuracy,-0.4859704227678145
419,1,0.8051,Speed,-0.21678878567620194
420,1,0.6863,Neutral,-0.37644042906754804
421,1,0.3245,Speed,-1.1254697428379923
422,1,0.3094,Speed,-1.1731203408431712
423,0,0.3222,Speed,-1.132582808239263
424,1,0.5521,Neutral,-0.5940260896921381
425,1,0.4509,Neutral,-0.7965096935550985
426,1,0.46799999999999997,Accuracy,-0.7592869830644904
427,1,0.5777,Accuracy,-0.5487005761949172
428,1,0.5783,Accuracy,-0.5476625138179644
429,1,0.5323,Neutral,-0.6305480388034254
430,1,0.3166,Speed,-1.1501161315352253
431,1,0.4115,Neutral,-0.8879462588650127
432,1,0.5061,Neutral,-0.6810210007621047
433,1,0.696,Accuracy,-0.3624056186477175
434,0,0.2913,Speed,-1.2334016150167482
435,1,0.3088,Speed,-1.175061460831516
436,1,0.4767,Speed,-0.740867916771357
437,0,0.7416,Neutral,-0.2989452647304916
438,1,0.3651,Speed,-1.007583990320546
439,1,0.6054,Accuracy,-0.5018658823945187
440,1,0.5534,Accuracy,-0.5916742116293116
441,0,0.3405,Speed,-1.07734015339257
442,1,0.428,Neutral,-0.8486320834003402
443,1,0.7259,Accuracy,-0.32034301469134213
444,1,0.4974,Speed,-0.6983607476128327
445,1,0.4925,Accuracy,-0.7082608183699934
446,1,0.4289,Speed,-0.8465314874593023
447,1,0.5249,Accuracy,-0.6445475107238829
448,1,0.4786,Neutral,-0.7368901035078641
449,1,0.4394,Accuracy,-0.8223451190316272
450,1,0.5445,Accuracy,-0.607887336609122
451,1,0.6214,Accuracy,-0.4757802820231901
452,1,0.3675,Neutral,-1.0010319603292457
453,0,0.3743,Accuracy,-0.9826976640717537
454,1,0.3066,Speed,-1.1822113125444234
455,1,0.565,Neutral,-0.5709295478356962
456,1,0.5576,Accuracy,-0.584113419535823
457,1,0.5589,Neutral,-0.5817847127064847
458,0,0.3738,Speed,-0.9840343839606746
459,1,0.527,Neutral,-0.6405547304407747
460,0,0.4079,Neutral,-0.8967332326586244
461,1,0.3913,Speed,-0.9382807497657704
462,0,0.3102,Speed,-1.1705380282396987
463,1,0.4179,Accuracy,-0.8725131095282673
464,1,0.2936,Speed,-1.2255369822417765
465,0,0.3249,Speed,-1.1242378363070824
466,1,0.6843,Accuracy,-0.379358861023685
467,1,0.4565,Accuracy,-0.7841665789471138
468,0,0.6156,Accuracy,-0.4851578770174128
469,1,0.4999,Accuracy,-0.6933472005626123
470,0,1.0968,Accuracy,0.09239684926596758
471,1,0.3265,Speed,-1.1193253302656512
472,1,0.4713,Neutral,-0.7522604450524519
473,0,0.3644,Speed,-1.0095031135963337
474,1,0.9876,Neutral,-0.01247752151111258
475,1,0.5061,Accuracy,-0.6810210007621047
476,1,0.4146,Accuracy,-0.8804410789804578
477,1,0.3681,Speed,-0.9994006385971617
478,1,0.4516,Accuracy,-0.7949584467066301
479,1,0.494,Accuracy,-0.7052197617942145
480,0,0.301,Speed,-1.2006450142332614
481,1,0.6612,Neutral,-0.4136989130352679
482,1,0.4794,Accuracy,-0.735219956981853
483,0,0.5706,Accuracy,-0.5610668402027374
484,1,0.6286,Neutral,-0.46426015461866976
485,1,0.3499,Speed,-1.0501078796084948
486,1,0.5963,Neutral,-0.5170113828530768
487,1,0.4958,Accuracy,-0.7015826593810469
488,1,0.4281,Accuracy,-0.8483984658312367
489,0,0.4554,Accuracy,-0.7865791253524977
490,1,0.4718,Speed,-0.7512001120085624
491,1,0.3454,Speed,-1.063052113269559
492,1,0.3909,Speed,-0.9393035061832279
493,0,0.3616,Accuracy,-1.0172166504641156
494,0,0.3584,Speed,-1.0261055978813616
495,1,0.9698,Accuracy,-0.030665414310885153
496,1,0.3661,Speed,-1.0048487588559465
497,0,0.4013,Neutral,-0.9130460017092661
498,1,0.5606,Speed,-0.5787476402514492
499,1,0.9229999999999999,Accuracy,-0.08012604447928497
500,0,0.373,Speed,-0.9861768593383216
501,1,0.8411,Neutral,-0.1730447200137455
502,1,0.3218,Speed,-1.1338250444238542
503,1,0.5593,Accuracy,-0.5810692771545948
504,1,0.3265,Speed,-1.1193253302656512
505,1,0.5579999999999999,Neutral,-0.5833963166008262
506,1,0.9417,Accuracy,-0.060068526466119515
507,1,0.45399999999999996,Neutral,-0.7896580809407892
508,1,0.7048,Accuracy,-0.3498412043601673
509,0,0.2922,Speed,-1.2303167796655379
510,1,0.3658,Accuracy,-1.0056685430253718
511,1,0.6678,Neutral,-0.403766551472583
512,1,0.7401,Accuracy,-0.30096996677871635
513,0,0.5796,Speed,-0.5454170685356098
514,1,0.7834,Accuracy,-0.24411185775040614
515,1,0.2281,Speed,-1.4779711496917947
516,1,0.3707,Speed,-0.9923621688254506
517,1,0.507,Neutral,-0.6792442753909539
518,1,0.39899999999999997,Neutral,-0.9187938620922736
519,0,0.28,Speed,-1.2729656758128873
520,1,0.5135,Accuracy,-0.6665052496135242
521,1,0.3964,Speed,-0.9253314765263042
522,1,0.4421,Speed,-0.8162191781499395
523,1,0.6093,Accuracy,-0.49544452172768844
524,1,0.4264,Accuracy,-0.8523774061305023
525,0,0.5591,Speed,-0.5814269309495373
526,1,0.3866,Accuracy,-0.9503647122079065
527,1,0.4013,Speed,-0.9130460017092661
528,1,1.0195,Neutral,0.019312311032372884
529,1,0.5417,Neutral,-0.613042936318284
530,0,0.23199999999999998,Speed,-1.4610179073158271
531,1,1.1519,Accuracy,0.1414127529503236
532,1,0.3051,Speed,-1.1871156872595132
533,1,0.4509,Speed,-0.7965096935550985
534,1,0.3314,Speed,-1.1044291739896746
535,1,0.4318,Accuracy,-0.8397927609014301
536,0,0.6713,Neutral,-0.3985391480374312
537,0,0.3731,Speed,-0.9859087987550249
538,1,0.4651,Neutral,-0.7655028427520857
539,1,0.3523,Speed,-1.0432721936349452
540,0,0.6212,Accuracy,-0.4761021877076051
541,1,0.7934,Accuracy,-0.2314277709019073
542,1,0.9473,Neutral,-0.05413944610064823
543,1,0.7618,Accuracy,-0.27207122493763336
544,1,0.8640000000000001,Neutral,-0.14618251017808132
545,1,0.5113,Accuracy,-0.6707987768961835
546,1,0.5354,Accuracy,-0.624741147895885
547,1,0.841,Accuracy,-0.17316361900918903
548,1,0.3601,Neutral,-1.0213735083273077
549,0,0.5264,Accuracy,-0.6416938989710297
550,1,0.4965,Accuracy,-0.7001717954969098
551,1,0.2864,Speed,-1.2503658438956466
552,1,0.4658,Neutral,-0.7639989215318964
553,0,0.2345,Speed,-1.450299691095803
554,1,0.455,Neutral,-0.7874578600311866
555,1,0.3149,Speed,-1.1555001508751581
556,0,0.3242,Speed,-1.1263946696805613
557,1,0.4628,Accuracy,-0.7704602836626155
558,1,0.4883,Accuracy,-0.7168253079145225
559,1,0.3324,Speed,-1.101416216000844
560,1,0.3489,Speed,-1.0529699307894087
561,1,0.4666,Neutral,-0.7622829193948074
562,0,0.344,Neutral,-1.0671136216087387
563,1,0.2831,Speed,-1.261955086864283
564,1,0.3754,Neutral,-0.9797631548297285
565,1,0.7546,Accuracy,-0.2815674714519269
566,1,0.3485,Speed,-1.0541170487815585
567,1,0.5626,Neutral,-0.5751863829263806
568,0,0.3207,Speed,-1.1372491722830278
569,0,0.6161,Neutral,-0.48434599096161207
570,1,0.4787,Speed,-0.7366811825836737
571,1,0.4221,Neutral,-0.8625130261936841
572,0,0.29,Speed,-1.2378743560016174
573,1,0.3615,Neutral,-1.0174932373833177
574,1,0.38,Speed,-0.9675840262617056
575,1,0.3792,Accuracy,-0.9696915086012704
576,0,0.7756,Accuracy,-0.2541183556136404
577,1,0.5137,Neutral,-0.6661158415089148
578,1,0.6976,Accuracy,-0.36010940638736716
579,1,0.8471,Neutral,-0.16593652754463184
580,1,0.3342,Speed,-1.0960156628208437
581,0,0.3692,Speed,-0.9964167763534401
582,1,0.4839,Neutral,-0.7258770051828642
583,1,0.4905,Neutral,-0.7123299999767193
584,1,0.7090000000000001,Accuracy,-0.3438997524500094
585,0,0.4806,Accuracy,-0.7327199556797684
586,1,0.2757,Speed,-1.288441960952386
587,1,0.5289,Accuracy,-0.6369559009102027
588,1,0.5157,Neutral,-0.6622300779252237
589,1,0.4923,Accuracy,-0.7086669922179821
590,1,0.6085,Neutral,-0.49675836655455513
591,0,0.3474,Speed,-1.0572784251751326
592,1,0.3626,Speed,-1.0144549806613865
593,1,0.4,Accuracy,-0.916290731874155
594,1,0.4275,Accuracy,-0.8498009906053222
595,1,0.4801,Neutral,-0.7337608634452423
596,0,0.4968,Neutral,-0.6995677483628681
597,1,1.0224,Accuracy,0.02215280464113328
598,1,1.0390000000000001,Neutral,0.03825871211709048
599,1,0.5439,Accuracy,-0.6089898725532219
600,1,0.6689,Neutral,-0.4021207068577746
601,0,0.4746,Neutral,-0.7452829349804738
602,1,0.3731,Speed,-0.9859087987550249
603,1,0.9429,Accuracy,-0.05879504651050549
604,0,0.2786,Speed,-1.2779782176364316
605,0,0.3369,Speed,-1.08796912856963
606,1,0.6077,Neutral,-0.4980739398408275
607,0,0.5391,Speed,-0.617854196524514
608,1,0.5639,Accuracy,-0.5728783481690007
609,1,1.2867,Neutral,0.2520808012088074
610,0,0.2959,Speed,-1.2177337195759732
611,1,0.4992,Neutral,-0.6947484619269192
612,1,0.6444,Accuracy,-0.43943562767931776
613,0,0.3364,Speed,-1.089454350883344
614,1,0.8226,Accuracy,-0.19528522318581334
615,1,0.578,Neutral,-0.5481814103097596
616,1,0.2626,Speed,-1.3371233171134413
617,1,0.4132,Accuracy,-0.8838235417366536
618,0,0.3112,Speed,-1.1673194866779006
619,1,0.5831,Accuracy,-0.5393965807540269
620,0,0.4768,Neutral,-0.7406581632309971
621,0,0.5574,Accuracy,-0.5844721639342892
622,1,0.8333,Neutral,-0.1823615575939759
623,1,0.2883,Speed,-1.2437536743377806
624,1,0.4483,Neutral,-0.8022926278207433
625,1,0.3777,Speed,-0.9736550492637259
626,0,0.3831,Speed,-0.9594592272755338
627,1,0.3019,Speed,-1.1976594422693438
628,1,0.7016,Neutral,-0.3543918379241638
629,1,0.306,Speed,-1.1841701770297564
630,1,0.2731,Speed,-1.2979172505024776
631,1,0.7816,Accuracy,-0.24641217825356412
632,1,0.3656,Speed,-1.006215439402142
633,1,0.6137,Neutral,-0.4882490695870857
634,1,0.4498,Accuracy,-0.7989522394569218
635,1,0.4787,Speed,-0.7366811825836737
636,1,0.3448,Speed,-1.0647907401925991
637,1,0.4303,Neutral,-0.8432726391375831
638,1,0.4326,Neutral,-0.8379417654631787
639,1,0.5123,Neutral,-0.6688448880369805
640,1,1.422,Accuracy,0.3520643313810491
641,1,0.617,Accuracy,-0.48288625507674926
642,0,0.2817,Speed,-1.2669126040998102
643,1,0.3506,Speed,-1.048109306495003
644,0,0.46399999999999997,Neutral,-0.7678707267558819
645,1,0.5533,Accuracy,-0.5918549290780729
646,1,0.846,Accuracy,-0.1672359193759138
647,0,0.528,Accuracy,-0.6386589952758756
648,1,0.3369,Speed,-1.08796912856963
649,0,0.2865,Speed,-1.250016742827343
650,1,0.4009,Speed,-0.9140432593336758
651,1,0.3687,Speed,-0.9977719737420382
652,0,0.3467,Speed,-1.0592954262911594
653,1,0.7677,Accuracy,-0.26435624714828415
654,1,0.3008,Speed,-1.2013096869064523
655,0,0.335,Speed,-1.0936247471570706
656,0,0.2927,Speed,-1.2286070852842967
657,1,0.5086,Neutral,-0.6760934259941177
658,1,0.45899999999999996,Accuracy,-0.778705068921592
659,1,0.5617,Accuracy,-0.57678737944375
660,1,0.6253,Accuracy,-0.4695237444088849
661,0,0.2756,Speed,-1.2888047398426334
662,0,0.35700000000000004,Speed,-1.0300194972024979
663,1,0.7142,Neutral,-0.33659224382178904
664,1,0.6806,Accuracy,-0.3847805169153317
665,0,0.514,Speed,-0.6655320135269719
666,1,0.4979,Neutral,-0.697356025334
667,0,0.3227,Speed,-1.131032179924221
668,0,0.3822,Speed,-0.9618112471759644
669,0,0.4365,Speed,-0.8289669037024802
670,1,0.4499,Accuracy,-0.7987299431350104
671,1,0.3036,Speed,-1.1920442334606622
672,1,0.5999,Accuracy,-0.5109923043230896
673,1,0.4781,Accuracy,-0.7379353633500794
674,1,0.3407,Speed,-1.0767529543152161
675,1,0.5509,Neutral,-0.5962019745034663
676,1,0.7748,Neutral,-0.25515034744929616
677,1,0.6551,Accuracy,-0.4229673832443064
678,1,0.4688,Neutral,-0.7575790407193342
679,1,0.3454,Speed,-1.063052113269559
680,1,0.6108,Accuracy,-0.49298570563765964
681,0,0.3965,Speed,-0.9250792379072343
682,1,0.8244,Accuracy,-0.19309942996583307
683,0,0.6195,Accuracy,-0.4788425779129398
684,1,0.6148,Neutral,-0.48645826731769626
685,1,0.6055,Neutral,-0.50170071598899
686,1,0.3622,Speed,-1.015558733532824
687,1,0.4439,Neutral,-0.8121559671421474
688,0,0.3302,Speed,-1.1080567474961094
689,0,0.3954,Speed,-0.9278573682456206
690,0,0.5506,Neutral,-0.5967466862736301
691,1,0.3415,Speed,-1.0744075999712923
692,1,0.33899999999999997,Speed,-1.0817551716016869
693,1,0.5516,Accuracy,-0.5949321330629903
694,1,0.45899999999999996,Speed,-0.778705068921592
695,1,0.4238,Neutral,-0.8584936331479384
696,1,0.8181,Neutral,-0.20077070046248446
697,1,0.3996,Neutral,-0.9172912322077386
698,0,0.3215,Speed,-1.1347577353044629
699,1,0.4502,Accuracy,-0.7980633505095052
700,1,0.3321,Neutral,-1.102319150599436
701,1,0.4684,Neutral,-0.7584326472585748
702,0,0.2924,Speed,-1.2296325511065136
703,0,0.3184,Speed,-1.144446825011909
704,1,0.7399,Accuracy,-0.3012402370506318
705,1,0.6624,Neutral,-0.41188567591108716
706,1,0.4995,Accuracy,-0.6941476808935289
707,0,0.3698,Speed,-0.9947929600291125
708,1,0.3765,Accuracy,-0.9768372317421887
709,0,0.341,Speed,-1.07587280169862
710,1,0.5259,Neutral,-0.6426441983868385
711,1,0.3314,Speed,-1.1044291739896746
712,1,0.4341,Accuracy,-0.8344803566765893
713,0,0.5081,Neutral,-0.6770770003824509
714,1,0.374,Speed,-0.9834994815676051
715,1,0.6178,Neutral,-0.4815904984976557
716,1,0.4931,Neutral,-0.7070432857520567
717,0,0.5491,Neutral,-0.59947470469731
718,0,0.3548,Speed,-1.0362010285467127
719,1,0.6018,Neutral,-0.5078301147861922
720,1,0.4323,Neutral,-0.8386354873085509
721,1,0.4744,Speed,-0.7457044312986214
722,1,0.3518,Speed,-1.0446924466786793
723,1,0.3241,Speed,-1.1267031688346354
724,0,0.3205,Speed,-1.1378730026214123
725,1,0.451,Accuracy,-0.7962879394794586
726,1,0.5735,Neutral,-0.5559973424127117
727,1,0.3767,Neutral,-0.9763061642841417
728,1,0.3809,Speed,-0.9652184054975786
729,1,0.3372,Speed,-1.0870790528544367
730,1,0.4841,Neutral,-0.7254637820364884
731,0,0.4133,Accuracy,-0.8835815574644503
732,1,0.3526,Speed,-1.0424210090183672
733,1,0.9948,Accuracy,-0.005213567052887434
734,0,0.3865,Speed,-0.9506234109546604
735,1,0.4428,Speed,-0.8146370781476552
736,1,0.4526,Neutral,-0.7927465457827001
737,1,0.5341,Accuracy,-0.6271721916364124
738,0,0.5044,Accuracy,-0.6843856748913726
739,1,0.3966,Speed,-0.9248270628964415
740,1,0.3499,Speed,-1.0501078796084948
741,1,0.3459,Speed,-1.061605563039014
742,1,1.4769,Accuracy,0.3899452964501276
743,0,0.3329,Speed,-1.099913134401158
744,1,0.3194,Speed,-1.141311043201225
745,0,0.3422,Speed,-1.072359917524044
746,1,0.5249,Accuracy,-0.6445475107238829
747,1,0.9281,Neutral,-0.07461579338078989
748,1,0.5091,Accuracy,-0.6751108180738468
749,0,0.3455,Speed,-1.0627626357744124
750,0,0.4006,Speed,-0.9147918557504191
751,0,0.3646,Speed,-1.0089544167375744
752,1,0.4086,Speed,-0.8950185965986153
753,1,0.6714,Neutral,-0.3983901944362025
754,0,0.4106,Speed,-0.8901357743973038
755,1,0.5917,Accuracy,-0.5247555292994887
756,1,0.3464,Speed,-1.060161102293857
757,1,0.353,Speed,-1.0412872220488403
758,1,0.3169,Speed,-1.149169012285262
759,1,0.6064,Neutral,-0.500215444653975
760,1,0.6163,Neutral,-0.48402142101393963
761,0,0.5786,Accuracy,-0.5471438864401024
762,1,1.0835,Neutral,0.0801965419942766
763,1,0.4312,Accuracy,-0.8411832593873496
764,1,0.4008,Accuracy,-0.9142927292114821
765,1,0.3645,Speed,-1.0092287275334242
766,0,0.4292,Speed,-0.8458322682255935
767,1,0.4579,Neutral,-0.7811044593190873
768,1,0.4759,Accuracy,-0.7425475308550723
769,1,0.8234,Accuracy,-0.19431316964633272
770,1,0.4491,Accuracy,-0.8005096988884447
771,1,0.43700000000000006,Neutral,-0.8278220838865468
772,1,0.7228,Accuracy,-0.32462272026406364
773,1,0.457,Neutral,-0.7830718880879323
774,0,0.386,Speed,-0.9519179095173061
775,1,0.8875,Neutral,-0.11934675763256625
776,1,0.5337,Neutral,-0.627921395642238
777,0,0.5395,Accuracy,-0.6171124942839478
778,1,0.8637,Neutral,-0.14652979269589714
779,0,0.4279,Speed,-0.8488657555593659
780,1,0.575,Accuracy,-0.5533852381847867
781,1,0.442,Accuracy,-0.816445396904439
782,1,0.2871,Speed,-1.2479246918551188
783,0,0.3764,Accuracy,-0.9771028712709124
784,1,0.4797,Accuracy,-0.7345943704741188
785,1,0.3105,Speed,-1.1695713776086036
786,1,0.4783,Accuracy,-0.7375171282958859
787,1,0.6754,Accuracy,-0.3924501710306697
788,1,0.7829999999999999,Accuracy,-0.24462258299133405
789,1,0.4223,Neutral,-0.8620393170422391
790,1,0.3687,Speed,-0.9977719737420382
791,1,0.8135,Accuracy,-0.20640935232304455
792,1,0.5952,Neutral,-0.5188577954632551
793,1,0.3579,Neutral,-1.0275016612101568
794,0,0.2166,Speed,-1.5297029444152468
795,1,0.8981,Neutral,-0.107473858305233
796,1,0.5079,Neutral,-0.6774707011749377
797,1,0.3514,Speed,-1.0458301032291402
798,1,0.5553,Neutral,-0.5882467707345755
799,1,0.9093,Accuracy,-0.0950802062502699
800,1,0.5476,Accuracy,-0.6022101855678432
801,0,0.3611,Speed,-1.0186003506987251
802,1,0.5046,Accuracy,-0.6839892427751796
803,1,0.8377,Accuracy,-0.17709523782237324
804,1,0.4333,Speed,-0.8363249502362733
805,1,0.5377,Neutral,-0.6204544951665047
806,0,0.6262,Neutral,-0.46808547008983176
807,1,0.3096,Speed,-1.172474137266565
808,1,0.3435,Speed,-1.068568167319733
809,1,0.4646,Neutral,-0.7665784586458283
810,1,0.4856,Neutral,-0.7223700392368486
811,0,0.5752,Accuracy,-0.5530374725753
812,1,0.4852,Accuracy,-0.723194101912242
813,0,0.6483,Accuracy,-0.4334017268011871
814,1,0.3568,Speed,-1.0305798782762827
815,1,0.3895,Speed,-0.9428914136713341
816,0,0.6237,Accuracy,-0.4720857954500601
817,1,0.3194,Speed,-1.141311043201225
818,0,0.2949,Speed,-1.2211189631609065
819,1,0.2719,Speed,-1.3023209273437122
820,0,0.4469,Accuracy,-0.8054204230427312
821,0,0.7981,Accuracy,-0.2255213761001738
822,1,1.4322,Neutral,0.3592117235907023
823,1,0.4598,Speed,-0.7769636666530559
824,1,0.3023,Speed,-1.1963353771967247
825,1,0.3065,Speed,-1.182537523605871
826,0,0.2951,Speed,-1.2204409970332435
827,1,0.2576,Speed,-1.3563472847519384
828,1,0.3378,Speed,-1.0853012746084374
829,1,0.3535,Speed,-1.0398717936455097
830,1,0.5993,Accuracy,-0.5119929715179974
831,1,0.6163,Accuracy,-0.48402142101393963
832,1,0.4324,Neutral,-0.8384041932170838
833,0,0.3611,Accuracy,-1.0186003506987251
834,1,0.8683,Accuracy,-0.14121800191553763
835,1,0.5122,Neutral,-0.6690401052167122
836,1,0.8256,Accuracy,-0.19164488425483878
837,1,0.3409,Speed,-1.0761660998382796
838,1,0.5313,Neutral,-0.6324284455252395
839,0,0.3672,Speed,-1.0018486202358017
840,1,0.4429,Speed,-0.8144112680529845
841,1,1.1019,Accuracy,0.09703596251159435
842,0,0.3345,Speed,-1.0951183994138538
843,1,0.4326,Neutral,-0.8379417654631787
844,0,0.3452,Speed,-1.0636313197728642
845,0,0.3535,Speed,-1.0398717936455097
846,1,0.8248,Neutral,-0.19261434627938692
847,1,0.5577,Accuracy,-0.5839340955866291
848,1,0.4825,Neutral,-0.7287743582030964
849,1,0.4199,Accuracy,-0.8677386912919894
850,1,0.47700000000000004,Neutral,-0.7402387880937957
851,1,0.3968,Accuracy,-0.9243229035714193
852,1,0.2826,Speed,-1.2637228087317098
853,1,0.4868,Accuracy,-0.7199019178687649
854,1,0.4356,Accuracy,-0.8310308879233317
855,1,0.4714,Accuracy,-0.7520482884801063
856,1,0.395,Neutral,-0.9288695140810151
857,1,0.4055,Neutral,-0.9026344054266694
858,1,0.3632,Speed,-1.0128016322549989
859,1,0.4463,Neutral,-0.8067639073469128
860,1,0.3871,Speed,-0.9490722213985346
861,0,0.6037,Speed,-0.5046778931797565
862,1,0.7193,Accuracy,-0.3294767621088264
863,1,0.4822,Speed,-0.7293963132350664
864,1,0.6266,Accuracy,-0.46744690046404563
865,1,0.491,Accuracy,-0.7113111511876165
866,1,0.4121,Speed,-0.8864892406373653
867,1,0.3293,Speed,-1.1107860895998185
868,1,0.5137,Accuracy,-0.6661158415089148
869,1,0.4215,Speed,-0.8639355015402269
870,1,0.3681,Neutral,-0.9994006385971617
871,1,0.3763,Speed,-0.9773685813827454
872,1,0.3147,Speed,-1.156135474911776
873,1,0.6065,Neutral,-0.5000505505980322
874,1,0.3506,Speed,-1.048109306495003
875,1,0.5116,Speed,-0.6702122092774493
876,1,0.6557,Accuracy,-0.4220519117125634
877,1,0.3289,Speed,-1.1120015257871256
878,1,0.4729,Neutral,-0.7488713293323069
879,1,0.4708,Neutral,-0.7533219035960154
880,1,0.6162,Accuracy,-0.4841836928195696
881,1,0.5258,Accuracy,-0.6428343666863562
882,1,0.6299,Neutral,-0.4621942023542537
883,1,0.6608,Neutral,-0.41430405677536863
884,1,0.606,Speed,-0.5008752929128226
885,1,0.7969,Accuracy,-0.22702607857843454
886,1,0.7013,Accuracy,-0.35481952343927226
887,1,0.6477,Neutral,-0.43432765279326563
888,1,0.7344,Accuracy,-0.3087014396758563
889,1,0.5605,Speed,-0.5789260364699225
890,1,0.3473,Speed,-1.0575663192321088
891,1,0.5315,Neutral,-0.6320520812001345
892,1,0.5791,Neutral,-0.546280104750393
893,1,0.7488,Accuracy,-0.28928335381875475
894,1,0.5946,Neutral,-0.5198663684181397
895,1,0.5183,Accuracy,-0.6572010537864762
896,1,0.4938,Neutral,-0.7056247020710579
897,1,0.5337,Accuracy,-0.627921395642238
898,1,0.7299,Accuracy,-0.31484774052455045
899,1,0.6281,Neutral,-0.465055889521802
900,1,0.5425,Accuracy,-0.6115671935675224
901,1,0.4966,Accuracy,-0.6999704059080708
902,0,0.2986,Speed,-1.2086503938770472
903,1,0.8052,Accuracy,-0.2166645852165006
904,1,0.6701,Accuracy,-0.400328324003012
905,1,0.3826,Speed,-0.9607652219759846
906,1,0.9096,Accuracy,-0.0947503365458108
907,1,0.4067,Speed,-0.8996794660689582
908,1,0.349,Speed,-1.05268335677971
909,1,0.6992,Accuracy,-0.3578184546408113
910,1,1.0333,Accuracy,0.03275756423817229
911,1,0.474,Neutral,-0.7465479572870606
912,0,0.3318,Speed,-1.103222901225793
913,1,0.9798,Accuracy,-0.02040680977766262
914,1,0.7202,Accuracy,-0.32822632776736227
915,1,0.9195,Accuracy,-0.08392523493776129
916,1,0.5981,Speed,-0.5139973149316258
917,0,0.2662,Speed,-1.3235073730211258
918,1,0.6468,Accuracy,-0.43571815127918523
919,1,0.7095,Accuracy,-0.34319478238203965
920,1,0.3957,Speed,-0.9270989305907584
921,1,0.4687,Speed,-0.7577923740534765
922,1,0.6459,Neutral,-0.43711058594371
923,1,0.3136,Speed,-1.1596369905058843
924,1,0.4237,Speed,-0.8587296213496235
925,1,0.6638,Accuracy,-0.4097743796962629
926,0,1.3747,Accuracy,0.3182355254952373
927,1,0.2364,Speed,-1.4422299934501939
928,1,0.5536,Neutral,-0.5913128746786773
929,0,0.3083,Speed,-1.1766819440900322
930,1,0.5742,Neutral,-0.5547775112951734
931,1,0.2985,Speed,-1.2089853461494804
932,1,0.8872,Accuracy,-0.11968484294597978
933,1,0.7584,Neutral,-0.27654432804132506
934,0,0.7423,Neutral,-0.2980018048586358
935,1,0.5498,Accuracy,-0.5982007032509918
936,1,0.4502,Neutral,-0.7980633505095052
937,0,0.3866,Speed,-0.9503647122079065
938,1,0.3885,Speed,-0.9454621091744349
939,1,0.6484,Accuracy,-0.43324748912061606
940,1,0.5042,Neutral,-0.6847822642283177
941,0,0.3431,Speed,-1.069733329117733
942,1,0.4471,Neutral,-0.8049729957422022
943,1,1.2257,Accuracy,0.20351210936498243
944,1,0.574,Neutral,-0.5551258826625707
945,1,0.5472,Accuracy,-0.6029409126737963
946,1,0.3365,Speed,-1.0891571298973546
947,1,0.3704,Speed,-0.9931717762101128
948,1,0.5603,Accuracy,-0.5792829244108981
949,1,0.4076,Speed,-0.8974689776335673
950,1,0.4447,Neutral,-0.8103553814654864
951,0,0.8513,Neutral,-0.16099068609212575
952,1,0.3007,Speed,-1.2016421889876536
953,0,0.2079,Speed,-1.57069808411817
954,1,0.3054,Speed,-1.186132886197605
955,1,0.354,Speed,-1.0384583658483626
956,1,0.594,Accuracy,-0.5208759596194922
957,1,0.3026,Speed,-1.1953434776278815
958,1,0.4922,Neutral,-0.7088701410251815
959,1,0.8666,Neutral,-0.14317776967632798
960,1,0.701,Accuracy,-0.355247391947547
961,1,0.7233,Neutral,-0.32393120512690193
962,1,0.396,Neutral,-0.9263410677276565
963,1,0.3028,Speed,-1.1946827574188432
964,1,0.511,Accuracy,-0.6713856887784326
965,1,0.3604,Speed,-1.0205407532479542
966,1,0.7048,Neutral,-0.3498412043601673
967,1,0.5721,Accuracy,-0.5584414777076538
968,0,0.4988,Neutral,-0.6955500651762556
969,1,0.574,Accuracy,-0.5551258826625707
970,1,0.5185,Neutral,-0.6568152513125551
971,1,0.5571,Neutral,-0.5850105219553672
972,0,0.3533,Speed,-1.0404377246170375
973,1,0.6093,Neutral,-0.49544452172768844
974,1,0.713,Accuracy,-0.33827385856784115
975,1,0.3941,Speed,-0.931150594781179
976,1,0.6145,Neutral,-0.48694634997604747
977,1,0.306,Speed,-1.1841701770297564
978,0,0.2919,Speed,-1.231344001122068
979,1,0.4219,Neutral,-0.862986959851844
980,1,0.7070000000000001,Accuracy,-0.3467246130855642
981,1,0.4617,Neutral,-0.7728399494691938
982,1,0.3514,Speed,-1.0458301032291402
983,1,0.467,Accuracy,-0.7614260213132397
984,1,0.6309,Accuracy,-0.46060790760537323
985,1,0.2492,Speed,-1.389499492068839
986,1,1.42,Accuracy,0.35065687161316933
987,1,1.0871,Neutral,0.08351360022781759
988,1,0.598,Neutral,-0.5141645250315053
989,1,0.5465,Accuracy,-0.6042209713655439
990,0,0.9169,Accuracy,-0.0867568639262819
991,0,0.2927,Speed,-1.2286070852842967
992,1,0.3053,Speed,-1.1864603792413049
993,1,0.6462,Accuracy,-0.43664622559173916
994,0,0.3387,Speed,-1.082640519158411
995,1,0.374,Speed,-0.9834994815676051
996,0,0.9975,Accuracy,-0.002503130218118477
997,1,0.5761,Neutral,-0.5514740222437997
998,1,0.3096,Speed,-1.172474137266565
999,0,0.3444,Speed,-1.0659515064285614
1000,1,0.4478,Neutral,-0.8034085748174826
1001,1,0.3941,Speed,-0.931150594781179
1002,0,0.3377,Speed,-1.085597351590615
1003,1,0.4132,Neutral,-0.8838235417366536
1004,1,0.5259,Neutral,-0.6426441983868385
1005,1,0.5188,Neutral,-0.6562368265398482
1006,1,0.6145,Accuracy,-0.48694634997604747
1007,1,0.3827,Speed,-0.9605038865504805
1008,1,0.5292,Neutral,-0.6363888467413364
1009,1,0.4615,Neutral,-0.7732732250392301
1010,1,0.4629,Accuracy,-0.7702442309449122
1011,1,0.6748,Accuracy,-0.3933389283103239
1012,1,0.8633,Speed,-0.14699302374066012
1013,1,0.4925,Neutral,-0.7082608183699934
1014,0,0.3348,Speed,-1.0942219403668167
1015,1,0.6405,Neutral,-0.4455061576453482
1016,1,0.4136,Neutral,-0.8828559557879176
1017,1,0.4317,Speed,-0.8400243764207053
1018,1,0.769,Accuracy,-0.26266430947649305
1019,1,0.7688,Accuracy,-0.26292442132605426
1020,1,0.4514,Neutral,-0.7954014145987017
1021,1,0.5426,Neutral,-0.6113828787573057
1022,1,0.6806,Accuracy,-0.3847805169153317
1023,1,0.4124,Neutral,-0.8857615268393322
1024,1,0.5673,Neutral,-0.5668670146496155
1025,1,0.4331,Speed,-0.8367866307615561
1026,1,0.3751,Speed,-0.9805626218942954
1027,1,0.4324,Neutral,-0.8384041932170838
1028,1,0.5872,Accuracy,-0.5323898016818311
1029,1,1.137,Accuracy,0.128393214768399
1030,1,0.4787,Neutral,-0.7366811825836737
1031,1,0.5342,Speed,-0.6269849783062765
1032,0,0.774,Neutral,-0.2561834053924099
1033,1,0.4771,Neutral,-0.7400291664600757
1034,1,0.6074,Accuracy,-0.4985677263704886
1035,1,0.511,Neutral,-0.6713856887784326
1036,1,0.4905,Accuracy,-0.7123299999767193
1037,1,0.5696,Neutral,-0.562820918884371
1038,1,0.4366,Neutral,-0.8287378348662936
1039,1,0.4716,Accuracy,-0.7516241103189212
1040,1,0.32299999999999995,Speed,-1.1301029557594806
1041,1,0.5268,Accuracy,-0.640934309113011
1042,0,0.3332,Speed,-1.0990123686894495
1043,1,0.3504,Speed,-1.0486799199199006
1044,1,0.4641,Neutral,-0.7676552327350069
1045,1,0.4891,Neutral,-0.7151883114368256
1046,1,0.4832,Accuracy,-0.7273246323615318
1047,1,0.46399999999999997,Accuracy,-0.7678707267558819
1048,0,0.5614,Neutral,-0.5773216150543549
1049,1,0.4567,Neutral,-0.7837285587911837
1050,1,0.3672,Speed,-1.0018486202358017
1051,1,1.3507,Accuracy,0.3006229765845814
1052,0,0.5985,Neutral,-0.5133287539841092
1053,1,0.4345,Speed,-0.8335593342766904
1054,0,0.5275,Neutral,-0.6396064136319155
1055,0,0.2581,Speed,-1.354408172257569
1056,0,0.5572,Neutral,-0.5848310370764863
1057,0,0.336,Speed,-1.0906441190189327
1058,1,0.7152,Accuracy,-0.33519305512283276
1059,1,0.5282,Neutral,-0.6382802791191052
1060,1,0.447,Speed,-0.8051966843685682
1061,0,0.3542,Speed,-1.0378935536334037
1062,0,0.45,Neutral,-0.7985076962177716
1063,0,0.2135,Speed,-1.5441184463134578
1064,1,1.2469,Accuracy,0.22066047102040334
1065,1,0.2701,Speed,-1.3089630181835672
1066,1,1.0333,Accuracy,0.03275756423817229
1067,1,0.4607,Accuracy,-0.7750082070402657
1068,1,0.8483,Neutral,-0.16452093216844793
1069,1,0.4266,Accuracy,-0.8519084729448869
1070,1,0.8291,Neutral,-0.18741450385996408
1071,1,0.5947,Accuracy,-0.5196982022695891
1072,1,0.5096,Accuracy,-0.6741291747241833
1073,0,0.3245,Speed,-1.1254697428379923
1074,1,0.778,Accuracy,-0.2510287548037454
1075,1,0.4972,Neutral,-0.6987629193455811
1076,0,0.4542,Speed,-0.789217649310679
1077,0,0.4014,Speed,-0.9127968426198994
1078,1,0.4542,Neutral,-0.789217649310679
1079,1,0.5244,Accuracy,-0.6455005270925923
1080,1,0.6,Neutral,-0.5108256237659907
1081,1,0.6625,Neutral,-0.4117347211217598
1082,1,0.3244,Speed,-1.1257779567408792
1083,1,0.4808,Neutral,-0.7323038957611392
